{
  "project_info": {
    "project_number": "249963283660",
    "firebase_url": "https://where-alarm-you.firebaseio.com",
    "project_id": "where-alarm-you",
    "storage_bucket": "where-alarm-you.appspot.com"
  },
  "client": [
    {
      "client_info": {
        "mobilesdk_app_id": "1:249963283660:android:f13f0d3300b82c95d7ee69",
        "android_client_info": {
          "package_name": "kr.ac.ssu.wherealarmyou"
        }
      },
      "oauth_client": [
        {
          "client_id": "249963283660-i9rrj8fhl0cuelrvdsrlarkm87sqro3u.apps.googleusercontent.com",
          "client_type": 1,
          "android_info": {
            "package_name": "kr.ac.ssu.wherealarmyou",
            "certificate_hash": "1b25e9b3532a784cd2a9ec76cd13cc6d0c9e924e"
          }
        },
        {
          "client_id": "249963283660-o6nb5csps50vu9039016b2c9433ik3vb.apps.googleusercontent.com",
          "client_type": 3
        }
      ],
      "api_key": [
        {
          "current_key": "AIzaSyCTlOIT3xxpTeHhoUOFPtLuQgfn8ZXPr6s"
        }
      ],
      "services": {
        "appinvite_service": {
          "other_platform_oauth_client": [
            {
              "client_id": "249963283660-o6nb5csps50vu9039016b2c9433ik3vb.apps.googleusercontent.com",
              "client_type": 3
            }
          ]
        }
      }
    }
  ],
  "configuration_version": "1"
}